algoritmo,tempo_medio,nos_visitados,arestas_percorridas
BFS,5.679000059899408e-06,12,105
DFS,3.2580000151938292e-06,6,44
Dijkstra,2.0552000096358823e-05,18,139
Bellman-Ford,9.204600009979914e-05,20,308
