algoritmo,tempo_medio,nos_visitados,arestas_percorridas
BFS,0.00026102600211743267,10,80
DFS,0.0001064959997893311,9,17
Dijkstra,0.0004968680028105154,18,139
Bellman-Ford,0.000836707996786572,20,154
